,loss,active_neurons
0,0.08917228877544403,261
1,0.08287383615970612,242
2,0.0813903734087944,193
3,0.07777177542448044,168
4,0.07328175008296967,162
5,0.07225434482097626,156
6,0.0664399266242981,161
7,0.059104908257722855,155
8,0.05790194123983383,158
9,0.05098694562911987,154
10,0.050489410758018494,152
11,0.0481560118496418,152
12,0.04443326219916344,155
13,0.042847275733947754,156
14,0.040280863642692566,154
15,0.03910765051841736,150
16,0.03811028227210045,152
17,0.036981645971536636,154
18,0.035544563084840775,154
19,0.03499946370720863,153
20,0.03307350352406502,154
21,0.03243608772754669,155
22,0.033337805420160294,158
23,0.031101807951927185,161
24,0.030633457005023956,157
25,0.029965639114379883,157
26,0.029513398185372353,157
27,0.028135674074292183,159
28,0.028997022658586502,158
29,0.02809918485581875,159
30,0.028136329725384712,158
31,0.02800682745873928,158
32,0.027767295017838478,158
33,0.027050701901316643,158
34,0.026419522240757942,159
35,0.024943741038441658,159
36,0.02555162087082863,160
37,0.025895703583955765,159
38,0.02552105486392975,160
39,0.025593897327780724,160
40,0.02433909848332405,160
41,0.025121057406067848,160
42,0.024469099938869476,160
43,0.024169282987713814,160
44,0.02323131449520588,159
45,0.024069203063845634,160
46,0.023842277005314827,160
47,0.02312825433909893,160
48,0.023222502321004868,160
49,0.023560117930173874,160
50,0.02268950268626213,160
51,0.02261110208928585,159
52,0.023522289469838142,160
53,0.022966166958212852,160
54,0.02296198531985283,160
55,0.021796107292175293,160
56,0.021849479526281357,161
57,0.022239159792661667,159
58,0.021247247233986855,159
59,0.021996695548295975,160
60,0.020526854321360588,160
61,0.021440980955958366,160
62,0.021476145833730698,159
63,0.021161004900932312,160
64,0.021435324102640152,160
65,0.02180045284330845,159
66,0.02106015756726265,160
67,0.021592967212200165,159
68,0.020828381180763245,160
69,0.02010491117835045,159
70,0.021219929680228233,160
71,0.021228836849331856,159
72,0.021311180666089058,160
73,0.020147094503045082,160
74,0.020722264423966408,159
75,0.020000329241156578,160
76,0.02015775814652443,160
77,0.019890431314706802,160
78,0.02021779865026474,160
79,0.020123636350035667,160
80,0.019523143768310547,159
81,0.019866609945893288,159
82,0.019194114953279495,159
83,0.020345639437437057,159
84,0.019139796495437622,160
85,0.02016923949122429,159
86,0.018976721912622452,160
87,0.019392166286706924,159
88,0.019914042204618454,160
89,0.019137604162096977,159
90,0.019129669293761253,159
91,0.0194180179387331,159
92,0.01866915263235569,159
93,0.018621519207954407,160
94,0.018926259130239487,159
95,0.01895800605416298,160
96,0.018940268084406853,159
97,0.019104521721601486,160
98,0.019230222329497337,160
99,0.019189374521374702,158
100,0.018368560820817947,160
101,0.01849060133099556,159
102,0.018579192459583282,159
103,0.017729461193084717,160
104,0.018323035910725594,160
105,0.018331026658415794,160
106,0.01869044452905655,160
107,0.018074829131364822,160
108,0.01741124875843525,160
109,0.01828608475625515,160
110,0.01781744882464409,160
111,0.01885269209742546,160
112,0.018647970631718636,159
113,0.018210655078291893,160
114,0.01799589768052101,160
115,0.01793638803064823,159
116,0.01812824234366417,160
117,0.01704464852809906,160
118,0.018106667324900627,159
119,0.01781916432082653,159
120,0.017134105786681175,161
121,0.017736775800585747,160
122,0.017300115898251534,159
123,0.01814635656774044,159
124,0.017683757469058037,159
125,0.016973445191979408,159
126,0.018107445910573006,158
127,0.017818190157413483,159
128,0.01739421673119068,159
129,0.017391715198755264,159
130,0.017170557752251625,159
131,0.017239855602383614,160
132,0.016500983387231827,159
133,0.017499763518571854,158
134,0.01774950511753559,159
135,0.01691761240363121,158
136,0.017193803563714027,159
137,0.01711196079850197,160
138,0.017160532996058464,159
139,0.016917699947953224,160
140,0.016654204577207565,160
141,0.016654247418045998,159
142,0.016538899391889572,158
143,0.01731288805603981,160
144,0.016709880903363228,160
145,0.01662478595972061,161
146,0.017158115282654762,160
147,0.01665198989212513,161
148,0.015957556664943695,159
149,0.016629686579108238,160
150,0.01700427196919918,161
151,0.01694340817630291,160
152,0.016930824145674706,159
153,0.01578681915998459,160
154,0.016264479607343674,160
155,0.015934202820062637,160
156,0.016565559431910515,160
157,0.016519002616405487,159
158,0.015758974477648735,160
159,0.01576419547200203,160
160,0.01645992510020733,160
161,0.01684163510799408,160
162,0.016408691182732582,160
163,0.01666475087404251,160
164,0.01602271758019924,159
165,0.015901505947113037,160
166,0.016276266425848007,161
167,0.0167816411703825,160
168,0.016541488468647003,159
169,0.016351748257875443,159
170,0.014987405389547348,160
171,0.01564047299325466,159
172,0.016187941655516624,160
173,0.015680603682994843,159
174,0.016015658155083656,161
175,0.015928182750940323,160
176,0.01585673727095127,159
177,0.015943992882966995,159
178,0.01581811159849167,160
179,0.01620713248848915,161
180,0.015396088361740112,160
181,0.016011236235499382,161
182,0.015364292077720165,160
183,0.016145195811986923,161
184,0.0153641477227211,160
185,0.014933009631931782,160
186,0.01496692094951868,161
187,0.015484952367842197,160
188,0.01623404584825039,160
189,0.015766339376568794,159
190,0.01569877564907074,161
191,0.015505029819905758,160
192,0.015298767946660519,159
193,0.015355977229773998,160
194,0.014681079424917698,161
195,0.014890646561980247,159
196,0.015176200307905674,160
197,0.015008078888058662,159
198,0.014776068739593029,161
199,0.015738993883132935,160
200,0.015156167559325695,160
201,0.015390103682875633,161
202,0.015697816386818886,160
203,0.015065543353557587,160
204,0.015678176656365395,161
205,0.01612282544374466,159
206,0.015274529345333576,161
207,0.01550828292965889,160
208,0.014672113582491875,160
209,0.015620263293385506,161
210,0.01602122187614441,160
211,0.015219934284687042,159
212,0.014847589656710625,160
213,0.014896009117364883,161
214,0.01505588460713625,161
215,0.015272991731762886,161
216,0.015383964404463768,160
217,0.015041681006550789,160
218,0.015292942523956299,161
219,0.01448853500187397,159
220,0.015310075134038925,160
221,0.015548810362815857,160
222,0.014826636761426926,161
223,0.015251648612320423,161
224,0.014875395223498344,160
225,0.014459270052611828,160
226,0.015564567409455776,161
227,0.014894862659275532,161
228,0.014433462172746658,160
229,0.015230715274810791,161
230,0.0148248840123415,160
231,0.014586560428142548,161
232,0.015134933404624462,161
233,0.014906755648553371,161
234,0.01485060341656208,160
235,0.014606074430048466,160
236,0.014374380931258202,161
237,0.014627655036747456,161
238,0.014947810210287571,161
239,0.015200871042907238,160
240,0.014857557602226734,161
241,0.014689444564282894,161
242,0.014349343255162239,161
243,0.014850657433271408,160
244,0.015192375518381596,160
245,0.015281779691576958,161
246,0.01448270957916975,161
247,0.014481930062174797,160
248,0.014844327233731747,161
249,0.015203655697405338,160
250,0.014247560873627663,161
251,0.014377681538462639,161
252,0.014205262064933777,160
253,0.014161775819957256,160
254,0.014391068369150162,160
255,0.01425602100789547,161
256,0.01412470918148756,161
257,0.014656968414783478,160
258,0.014519388787448406,160
259,0.014368139207363129,161
260,0.01428632065653801,161
261,0.014948275871574879,160
262,0.014596558175981045,160
263,0.014388833194971085,161
264,0.014358769170939922,161
265,0.014485861174762249,161
266,0.014829842373728752,161
267,0.01415875181555748,161
268,0.014611317776143551,161
269,0.014416740275919437,161
270,0.014740906655788422,161
271,0.014311486855149269,161
272,0.013977490365505219,160
273,0.014379816129803658,161
274,0.014422113075852394,161
275,0.014734123833477497,161
276,0.01386246271431446,161
277,0.014012851752340794,162
278,0.01462661661207676,161
279,0.01356907095760107,162
280,0.014195756986737251,161
281,0.013976235873997211,161
282,0.014119323343038559,162
283,0.013829431496560574,161
284,0.014237424358725548,161
285,0.014182782731950283,161
286,0.013702540658414364,161
287,0.013601639308035374,161
288,0.013693849556148052,161
289,0.014148339629173279,161
290,0.01394959818571806,161
291,0.014576463960111141,160
292,0.01391873974353075,161
293,0.014227393083274364,161
294,0.014143773354589939,162
295,0.014225650578737259,161
296,0.01367669552564621,161
297,0.013573134317994118,161
298,0.014195617288351059,161
299,0.01420671958476305,161
300,0.014507106505334377,161
301,0.014389087446033955,161
302,0.013915766030550003,161
303,0.01418573409318924,161
304,0.013573807664215565,161
305,0.01367415115237236,160
306,0.013594602234661579,161
307,0.01417709793895483,160
308,0.013453523628413677,161
309,0.013927772641181946,161
310,0.013321044854819775,161
311,0.013696773909032345,161
312,0.013793963007628918,161
313,0.014091871678829193,162
314,0.013942551799118519,162
315,0.013765760697424412,161
316,0.013050696812570095,160
317,0.013216891326010227,161
318,0.01327786035835743,161
319,0.01324659027159214,161
320,0.01370342168956995,161
321,0.013556775636970997,161
322,0.013984842225909233,161
323,0.013868052512407303,160
324,0.013736778870224953,161
325,0.013994252309203148,162
326,0.01433828566223383,161
327,0.013689410872757435,161
328,0.013264516368508339,161
329,0.013837279751896858,162
330,0.013097655028104782,161
331,0.013315691612660885,162
332,0.013852500356733799,161
333,0.012723158113658428,163
334,0.013493357226252556,161
335,0.013171975500881672,161
336,0.01344566885381937,161
337,0.013770312070846558,161
338,0.013400208204984665,162
339,0.013094070367515087,162
340,0.013158331625163555,160
341,0.013658786192536354,161
342,0.01306900940835476,161
343,0.014168020337820053,162
344,0.013044878840446472,161
345,0.012907288037240505,161
346,0.012715226039290428,161
347,0.012947182171046734,161
348,0.013277123682200909,161
349,0.013492382131516933,161
350,0.013400760479271412,160
351,0.013156721368432045,161
352,0.013364380225539207,160
353,0.013642304576933384,162
354,0.0141602186486125,161
355,0.01315977144986391,161
356,0.013388252817094326,162
357,0.013451811857521534,162
358,0.0127725126221776,161
359,0.01293251384049654,161
360,0.012634247541427612,161
361,0.013124354183673859,162
362,0.013681864365935326,161
363,0.013335032388567924,161
364,0.013686497695744038,161
365,0.013201503083109856,161
366,0.013509758748114109,161
367,0.013427797704935074,161
368,0.01329447329044342,161
369,0.013110429979860783,161
370,0.012648958712816238,161
371,0.013220035471022129,162
372,0.012759163044393063,162
373,0.013236206024885178,161
374,0.013235518708825111,164
375,0.013308263383805752,162
376,0.013503042981028557,162
377,0.013079370371997356,161
378,0.013256572186946869,164
379,0.012870710343122482,162
380,0.013841530308127403,162
381,0.013527069240808487,161
382,0.01236081775277853,161
383,0.013094582594931126,161
384,0.013303848914802074,161
385,0.012956961989402771,162
386,0.01283961907029152,162
387,0.013073880225419998,161
388,0.013502663932740688,161
389,0.013309578411281109,162
390,0.0130479596555233,162
391,0.012746968306601048,161
392,0.013374521397054195,161
393,0.013439230620861053,161
394,0.0128064826130867,161
395,0.012846868485212326,161
396,0.013156570494174957,161
397,0.01293700747191906,161
398,0.013491067104041576,161
399,0.013042859733104706,161
400,0.012872755527496338,161
401,0.012791544198989868,161
402,0.013377348892390728,161
403,0.012823153287172318,161
404,0.012969274073839188,161
405,0.013168641366064548,161
406,0.013148318976163864,162
407,0.012970971874892712,162
408,0.012378750368952751,161
409,0.01322201732546091,162
410,0.012891639024019241,161
411,0.012991040013730526,162
412,0.01257067359983921,162
413,0.012660765089094639,162
414,0.013004949316382408,161
415,0.013377860188484192,161
416,0.012784827500581741,162
417,0.013367714360356331,160
418,0.013111362233757973,160
419,0.012485198676586151,161
420,0.013059116899967194,160
421,0.012930933386087418,160
422,0.013032174669206142,161
423,0.013029960915446281,162
424,0.012877059169113636,161
425,0.01265517808496952,163
426,0.01298665814101696,161
427,0.01296951062977314,161
428,0.012456782162189484,161
429,0.013464579358696938,161
430,0.01261801179498434,161
431,0.012942986562848091,163
432,0.012779304757714272,160
433,0.01273149810731411,162
434,0.013444033451378345,162
435,0.013055081479251385,162
436,0.013899729587137699,163
437,0.012458939105272293,160
438,0.012331424281001091,161
439,0.012868687510490417,161
440,0.012683606706559658,161
441,0.01269950158894062,162
442,0.01287053432315588,161
443,0.012880955822765827,161
444,0.012948187068104744,161
445,0.01302088238298893,162
446,0.012569356709718704,161
447,0.012909900397062302,160
448,0.012796026654541492,161
449,0.012639297172427177,162
450,0.012708256021142006,163
451,0.012373920530080795,161
452,0.012374707497656345,161
453,0.012685613706707954,162
454,0.012456553988158703,161
455,0.012122465297579765,162
456,0.012075182050466537,162
457,0.013035212643444538,162
458,0.012405246496200562,161
459,0.012889085337519646,161
460,0.011973193846642971,161
461,0.01236443966627121,160
462,0.012554057873785496,161
463,0.012323503382503986,163
464,0.01254446804523468,162
465,0.01259706262499094,164
466,0.012138234451413155,161
467,0.012783779762685299,164
468,0.01240543182939291,160
469,0.012828023172914982,161
470,0.012517320923507214,162
471,0.01213073916733265,162
472,0.012562700547277927,161
473,0.0125102074816823,163
474,0.012748191133141518,162
475,0.012358487583696842,162
476,0.012668086215853691,162
477,0.012415987439453602,161
478,0.013060984201729298,162
479,0.013036218471825123,166
480,0.013002336956560612,162
481,0.0129807498306036,162
482,0.012682545930147171,164
483,0.012646215967833996,165
484,0.012438164092600346,165
485,0.012349181808531284,164
486,0.012238968163728714,163
487,0.012921609915792942,165
488,0.012384100817143917,164
489,0.0127759650349617,166
490,0.012629681266844273,164
491,0.012086043134331703,166
492,0.013217898085713387,163
493,0.012325330637395382,165
494,0.01279967650771141,165
495,0.01261874008923769,165
496,0.012452342547476292,166
497,0.01302720420062542,166
498,0.012581298127770424,167
499,0.01217956654727459,167
500,0.012156998738646507,165
501,0.012024479918181896,165
502,0.012569737620651722,165
503,0.012966104783117771,167
504,0.012686166912317276,167
505,0.012166406027972698,167
506,0.012299184687435627,166
507,0.012340879067778587,166
508,0.01201216783374548,167
509,0.01235632598400116,166
510,0.012518923729658127,167
511,0.012226460501551628,167
512,0.012157648801803589,166
513,0.012079100124537945,166
514,0.011524823494255543,167
515,0.012361258268356323,168
516,0.012509793974459171,167
517,0.012079647742211819,168
518,0.012252774089574814,168
519,0.012549160979688168,167
520,0.011986477300524712,167
521,0.012159396894276142,166
522,0.011996028944849968,167
523,0.012587115168571472,167
524,0.01268626656383276,166
525,0.012194263748824596,167
526,0.012601693160831928,167
527,0.01228361390531063,167
528,0.012521645985543728,167
529,0.012679829262197018,167
530,0.012274405919015408,167
531,0.012262441217899323,167
532,0.01235052477568388,168
533,0.01274330448359251,167
534,0.012338588945567608,167
535,0.01266704685986042,167
536,0.012370535172522068,167
537,0.012304460629820824,167
538,0.01291603222489357,167
539,0.012140218168497086,166
540,0.012061882764101028,166
541,0.012273869477212429,166
542,0.01216218713670969,166
543,0.012294212356209755,167
544,0.012477089650928974,169
545,0.011773928068578243,167
546,0.01262083649635315,167
547,0.012857061810791492,167
548,0.01225303765386343,167
549,0.012401944026350975,169
550,0.011599129065871239,168
551,0.01181777473539114,167
552,0.01178930513560772,168
553,0.011678679846227169,168
554,0.012061665765941143,167
555,0.012413052842020988,168
556,0.011751423589885235,170
557,0.012252467684447765,169
558,0.01198102068156004,169
559,0.012325739488005638,169
560,0.011915260925889015,170
561,0.012208874337375164,168
562,0.012476671487092972,170
563,0.011877338401973248,168
564,0.012277252040803432,170
565,0.011857768520712852,170
566,0.012205831706523895,168
567,0.011743752285838127,167
568,0.01151498593389988,169
569,0.012115086428821087,169
570,0.011822298169136047,170
571,0.01170974038541317,170
572,0.012696855701506138,168
573,0.011301263235509396,168
574,0.011929690837860107,170
575,0.012453139759600163,169
576,0.012201948091387749,170
577,0.011714262887835503,172
578,0.010805861093103886,170
579,0.012247813865542412,171
580,0.012149210087954998,170
581,0.011700525879859924,170
582,0.013103440403938293,170
583,0.01207453291863203,170
584,0.011894862167537212,170
585,0.012217996641993523,170
586,0.011676487512886524,170
587,0.011912073940038681,170
588,0.012020191177725792,170
589,0.01169345248490572,171
590,0.012378939427435398,170
591,0.011878298595547676,171
592,0.012155271135270596,170
593,0.011985012330114841,170
594,0.011795718222856522,170
595,0.011955930851399899,171
596,0.011909600347280502,171
597,0.012029215693473816,170
598,0.011967235244810581,170
599,0.011920391581952572,170
600,0.012151096016168594,170
601,0.011802952736616135,170
602,0.011570793576538563,170
603,0.011776614934206009,171
604,0.011954349465668201,170
605,0.012618896551430225,171
606,0.012171505019068718,172
607,0.012042884714901447,171
608,0.011946535669267178,171
609,0.01150132529437542,170
610,0.011560283601284027,170
611,0.012050877325236797,171
612,0.01263250783085823,172
613,0.011785915121436119,169
614,0.011500198394060135,170
615,0.011593230068683624,170
616,0.011423852294683456,171
617,0.012091392651200294,171
618,0.012125813402235508,171
619,0.011991370469331741,170
620,0.012034596875309944,171
621,0.011653486639261246,169
622,0.012178516946732998,170
623,0.011994369328022003,170
624,0.012037930078804493,173
625,0.011850245296955109,172
626,0.011435053311288357,171
627,0.011864272877573967,170
628,0.012068280950188637,171
629,0.012570195831358433,170
630,0.01175632607191801,172
631,0.011989159509539604,170
632,0.011280717328190804,172
633,0.011543691158294678,171
634,0.012225545011460781,172
635,0.011833314783871174,171
636,0.012038812972605228,173
637,0.01184255350381136,171
638,0.012339881621301174,171
639,0.011738219298422337,172
640,0.011424602009356022,171
641,0.011768662370741367,172
642,0.01152736134827137,171
643,0.011533964425325394,172
644,0.011443310417234898,171
645,0.011495327576994896,171
646,0.01196911372244358,172
647,0.011490890756249428,176
648,0.012051756493747234,171
649,0.01189950667321682,171
650,0.011489740572869778,171
651,0.011568563058972359,173
652,0.012168272398412228,171
653,0.011975781992077827,173
654,0.011618356220424175,171
655,0.01177356019616127,170
656,0.01131989061832428,173
657,0.011945270001888275,171
658,0.011908754706382751,173
659,0.011213068850338459,173
660,0.011602984741330147,173
661,0.011743823997676373,171
662,0.01188611052930355,171
663,0.011519906111061573,172
664,0.01159187126904726,171
665,0.011707122437655926,172
666,0.011530151590704918,173
667,0.011123290285468102,172
668,0.011388230137526989,171
669,0.011418276466429234,172
670,0.011831446550786495,172
671,0.011485946364700794,173
672,0.01167781837284565,171
673,0.0114189637824893,171
674,0.011991539038717747,173
675,0.011954499408602715,172
676,0.01156030222773552,171
677,0.01161298155784607,172
678,0.011723038740456104,173
679,0.011647417210042477,172
680,0.011771283112466335,172
681,0.011835072189569473,172
682,0.011832211166620255,172
683,0.011583598330616951,172
684,0.011185367591679096,172
685,0.011299146339297295,174
686,0.011187821626663208,173
687,0.011615224182605743,173
688,0.011293823830783367,175
689,0.011552533134818077,171
690,0.011696423403918743,175
691,0.011197364889085293,173
692,0.0113285593688488,171
693,0.011499040760099888,173
694,0.01158545259386301,172
695,0.01113356277346611,171
696,0.0113833611831069,173
697,0.011747962795197964,172
698,0.01276062335819006,175
699,0.01165823731571436,174
700,0.011606598272919655,172
701,0.011397406458854675,173
702,0.011468795128166676,174
703,0.0116209015250206,173
704,0.011216580867767334,173
705,0.011334824375808239,176
706,0.011348535306751728,173
707,0.011700151488184929,173
708,0.011885213665664196,173
709,0.011493658646941185,175
710,0.011367970146238804,173
711,0.011849078349769115,174
712,0.011622371152043343,173
713,0.011359577998518944,172
714,0.011102759279310703,173
715,0.011270631104707718,175
716,0.01181688904762268,175
717,0.011644565500319004,172
718,0.011068606749176979,175
719,0.010922033339738846,174
720,0.011005982756614685,173
721,0.011456524021923542,174
722,0.011367670260369778,173
723,0.011390582658350468,173
724,0.012091538868844509,174
725,0.011790912598371506,174
726,0.011417525820434093,173
727,0.011186025105416775,174
728,0.010837058536708355,172
729,0.01128451619297266,173
730,0.011761140078306198,174
731,0.011160430498421192,174
732,0.010891740210354328,173
733,0.011472707614302635,174
734,0.011833113618195057,173
735,0.011066755279898643,173
736,0.01136647816747427,174
737,0.011285494081676006,173
738,0.011322413571178913,174
739,0.011652389541268349,175
740,0.011513754725456238,175
741,0.011333094909787178,175
742,0.011493144556879997,175
743,0.01095905713737011,174
744,0.01127555500715971,174
745,0.010754667222499847,175
746,0.011254176497459412,174
747,0.011037249118089676,175
748,0.0115160858258605,175
749,0.011509551666676998,174
750,0.011276968754827976,175
751,0.011543299071490765,174
752,0.011469049379229546,175
753,0.011075966991484165,174
754,0.011477021500468254,174
755,0.011537512764334679,175
756,0.011163389310240746,175
757,0.011437811888754368,174
758,0.011519690975546837,177
759,0.01203481201082468,176
760,0.011158164590597153,176
761,0.011325543746352196,174
762,0.011312516406178474,178
763,0.011397371999919415,175
764,0.011369476094841957,175
765,0.01127736084163189,177
766,0.010843482799828053,176
767,0.011356131173670292,175
768,0.011373010464012623,174
769,0.010763179510831833,174
770,0.010809507220983505,176
771,0.010915408842265606,176
772,0.011354949325323105,176
773,0.011300922371447086,174
774,0.011574655771255493,177
775,0.011045797728002071,176
776,0.01136848982423544,177
777,0.011371757835149765,176
778,0.011369234882295132,175
779,0.011847791261970997,176
780,0.010996748693287373,175
781,0.011018015444278717,175
782,0.011153430677950382,177
783,0.011051381938159466,176
784,0.010955327190458775,176
785,0.011149168945848942,175
786,0.010805062018334866,177
787,0.010934128426015377,177
788,0.011159777641296387,176
789,0.011018417775630951,175
790,0.011213184334337711,176
791,0.011460239998996258,177
792,0.011369479820132256,175
793,0.01147738192230463,178
794,0.011214842088520527,177
795,0.011016921140253544,179
796,0.011461574584245682,178
797,0.011660858057439327,180
798,0.011246990412473679,181
799,0.010640186257660389,176
800,0.011396790854632854,178
801,0.011040312238037586,178
802,0.010894174687564373,180
803,0.011422824114561081,180
804,0.011230708099901676,178
805,0.010827748104929924,181
806,0.010965675115585327,179
807,0.010796146467328072,179
808,0.010675421915948391,178
809,0.011319601908326149,178
810,0.011034172028303146,178
811,0.011295044794678688,178
812,0.01106270868331194,178
813,0.010675507597625256,181
814,0.01090780645608902,179
815,0.011445414274930954,179
816,0.011459454894065857,179
817,0.011387298814952374,178
818,0.01109036523848772,179
819,0.011117205023765564,179
820,0.01062766183167696,178
821,0.011214818805456161,182
822,0.010730928741395473,179
823,0.011192458681762218,178
824,0.011033957824110985,182
825,0.010816819965839386,179
826,0.011168377473950386,179
827,0.011019566096365452,180
828,0.011428227648139,180
829,0.011389929801225662,181
830,0.011185192503035069,182
831,0.010840851813554764,179
832,0.011320048943161964,180
833,0.011499166488647461,181
834,0.010734460316598415,179
835,0.011097426526248455,179
836,0.011228758841753006,181
837,0.011169949546456337,180
838,0.011313039809465408,180
839,0.011183206923305988,179
840,0.01132657378911972,183
841,0.011315117590129375,180
842,0.011255905963480473,181
843,0.011050445027649403,181
844,0.011267188936471939,180
845,0.011073159985244274,179
846,0.011817695572972298,179
847,0.011144435033202171,179
848,0.010813266970217228,179
849,0.010723664425313473,180
850,0.011280124075710773,180
851,0.010512198321521282,181
852,0.010680274106562138,182
853,0.011349042877554893,180
854,0.010739193297922611,179
855,0.011391444131731987,179
856,0.010865535587072372,180
857,0.010739392600953579,182
858,0.011291680857539177,181
859,0.011094828136265278,180
860,0.011012522503733635,181
861,0.010860095731914043,180
862,0.011148987337946892,180
863,0.010784951038658619,183
864,0.011222022585570812,181
865,0.010963044129312038,184
866,0.01059487834572792,181
867,0.011617612093687057,183
868,0.011041556484997272,181
869,0.010509436018764973,184
870,0.011461997404694557,185
871,0.01120799407362938,184
872,0.010504276491701603,185
873,0.011331490240991116,184
874,0.012052071280777454,188
875,0.010896447114646435,183
876,0.010917476378381252,184
877,0.011144991964101791,184
878,0.011261850595474243,183
879,0.010862575843930244,182
880,0.010599146597087383,188
881,0.011345255188643932,185
882,0.011394357308745384,184
883,0.011428042314946651,184
884,0.010662169195711613,184
885,0.011320482939481735,183
886,0.010944167152047157,185
887,0.011257653124630451,185
888,0.010964788496494293,184
889,0.010701806284487247,186
890,0.01059988047927618,187
891,0.01050083339214325,187
892,0.010697419755160809,184
893,0.010824809782207012,188
894,0.010786376893520355,184
895,0.010413174517452717,187
896,0.010560422204434872,185
897,0.0110844187438488,186
898,0.010817624628543854,185
899,0.011129328049719334,188
900,0.01102058682590723,188
901,0.011099365539848804,186
902,0.010938423685729504,187
903,0.010959834791719913,187
904,0.010790285654366016,187
905,0.010546046309173107,186
906,0.011254612356424332,184
907,0.010487047955393791,186
908,0.010466747917234898,186
909,0.011025677435100079,186
910,0.011014820076525211,190
911,0.010709058493375778,187
912,0.010960420593619347,189
913,0.010630476288497448,190
914,0.01050796639174223,188
915,0.010848510079085827,187
916,0.0108562670648098,189
917,0.010846913792192936,186
918,0.01098131574690342,187
919,0.010569407604634762,189
920,0.01076323539018631,185
921,0.010427042841911316,187
922,0.010584679432213306,187
923,0.010886182077229023,187
924,0.01109320018440485,187
925,0.011121458373963833,187
926,0.010919084772467613,187
927,0.010632206685841084,187
928,0.010554521344602108,190
929,0.010871167294681072,186
930,0.011290566995739937,187
931,0.010338078252971172,187
932,0.010511554777622223,187
933,0.010672719217836857,189
934,0.010917103849351406,188
935,0.01101346593350172,188
936,0.010289096273481846,186
937,0.010625749826431274,188
938,0.010905716568231583,189
939,0.01078557875007391,193
940,0.010567189194262028,189
941,0.010541276074945927,188
942,0.010503892786800861,189
943,0.010654685087502003,189
944,0.011056268587708473,194
945,0.010721671395003796,193
946,0.01073309313505888,190
947,0.010482815094292164,191
948,0.010592496022582054,192
949,0.010399263352155685,192
950,0.011388887651264668,188
951,0.010901429690420628,190
952,0.011239569634199142,194
953,0.010924306698143482,192
954,0.010700318962335587,189
955,0.0106344697996974,190
956,0.010742178186774254,190
957,0.010822639800608158,190
958,0.009977862238883972,190
959,0.01035522110760212,190
960,0.010609103366732597,192
961,0.010959387756884098,194
962,0.01091079879552126,194
963,0.010363195091485977,191
964,0.010568499565124512,190
965,0.010745277628302574,193
966,0.010725590400397778,192
967,0.010857071727514267,192
968,0.010122392326593399,188
969,0.010402587242424488,191
970,0.010435158386826515,189
971,0.010203242301940918,192
972,0.010830382816493511,190
973,0.010272172279655933,187
974,0.01109412219375372,192
975,0.010683756321668625,193
976,0.010960954241454601,194
977,0.010762750171124935,192
978,0.010358719155192375,195
979,0.011407019570469856,192
980,0.010615677572786808,191
981,0.010870195925235748,193
982,0.01013921294361353,192
983,0.01031042356044054,191
984,0.010190595872700214,191
985,0.010777127929031849,193
986,0.010626516304910183,191
987,0.01086591649800539,191
988,0.010601654648780823,192
989,0.010270546190440655,193
990,0.010934493504464626,197
991,0.010412981733679771,192
992,0.010209724307060242,196
993,0.010773026384413242,192
994,0.010973060503602028,196
995,0.009730568155646324,191
996,0.010799248702824116,194
997,0.010510982014238834,199
998,0.010812765918672085,193
999,0.010635665617883205,195
1000,0.01052557211369276,197
1001,0.010551794432103634,199
1002,0.010479186661541462,195
1003,0.010914160870015621,198
1004,0.010698135010898113,197
1005,0.010610857978463173,199
1006,0.01029646024107933,199
1007,0.010763742960989475,203
1008,0.010411348193883896,205
1009,0.011077205650508404,197
1010,0.01102471724152565,197
1011,0.010644150897860527,198
1012,0.010728751309216022,194
1013,0.010832950472831726,194
1014,0.010801257565617561,195
1015,0.01041831262409687,195
1016,0.010964401066303253,203
1017,0.010559325106441975,199
1018,0.010052950121462345,196
1019,0.010659600608050823,199
1020,0.01057305559515953,195
1021,0.010947000235319138,203
1022,0.01112043485045433,205
1023,0.009997116401791573,194
1024,0.01093334797769785,201
1025,0.010669881477952003,198
1026,0.010603080503642559,197
1027,0.01001038495451212,199
1028,0.01075573917478323,199
1029,0.010396406054496765,198
1030,0.010938067920506,205
1031,0.010143421590328217,199
1032,0.010220889002084732,196
1033,0.01051575317978859,199
1034,0.010740217752754688,201
1035,0.010486846789717674,202
1036,0.010944435372948647,198
1037,0.01024229172617197,200
1038,0.011002701707184315,197
1039,0.010569686070084572,202
1040,0.010754733346402645,205
1041,0.011138140223920345,203
1042,0.010609167627990246,202
1043,0.010058337822556496,199
1044,0.010527217760682106,201
1045,0.01050877571105957,200
1046,0.010868052951991558,203
1047,0.010722906328737736,201
1048,0.010141226463019848,198
1049,0.010383249260485172,200
1050,0.010426240973174572,196
1051,0.010773764923214912,202
1052,0.010392040945589542,201
1053,0.00971225742250681,203
1054,0.010953756980597973,203
1055,0.01026570051908493,201
1056,0.010126776993274689,198
1057,0.01072333287447691,202
1058,0.010490953922271729,200
1059,0.010712412185966969,201
1060,0.010631979443132877,207
1061,0.011156421154737473,198
1062,0.010633128695189953,200
1063,0.01002240739762783,199
1064,0.010003422386944294,201
1065,0.010512012988328934,203
1066,0.010657078586518764,201
1067,0.01028001680970192,203
1068,0.010357368737459183,204
1069,0.01029673870652914,202
1070,0.010043282061815262,203
1071,0.010702143423259258,202
1072,0.010499664582312107,203
1073,0.01059321966022253,202
1074,0.010181085206568241,205
1075,0.009881622157990932,202
1076,0.010748004540801048,204
1077,0.010735999792814255,204
1078,0.01092133205384016,205
1079,0.01068957056850195,207
1080,0.00979208666831255,207
1081,0.009585697203874588,203
1082,0.010237142443656921,202
1083,0.010499306954443455,206
1084,0.010513629764318466,209
1085,0.010677894577383995,202
1086,0.01031767763197422,204
1087,0.01038278453052044,204
1088,0.010388607159256935,206
1089,0.010871692560613155,205
1090,0.01036295760422945,211
1091,0.0106084905564785,204
1092,0.0104864202439785,210
1093,0.010503087192773819,212
1094,0.010775157250463963,209
1095,0.01019569206982851,205
1096,0.010670425370335579,211
1097,0.009835992008447647,206
1098,0.010751446709036827,203
1099,0.010174485854804516,207
1100,0.011115486733615398,202
1101,0.010328811593353748,201
1102,0.010532104410231113,205
1103,0.010270780883729458,209
1104,0.01064433716237545,207
1105,0.010404610075056553,206
1106,0.010219620540738106,205
1107,0.010700885206460953,208
1108,0.010263673029839993,207
1109,0.010415260680019855,208
1110,0.010303590446710587,207
1111,0.00995580479502678,203
1112,0.010439284145832062,210
1113,0.00999852828681469,210
1114,0.010176598094403744,211
1115,0.010199078358709812,204
1116,0.010767310857772827,209
1117,0.010661826469004154,207
1118,0.010926194489002228,208
1119,0.010383068583905697,210
1120,0.011268624104559422,212
1121,0.00988032016903162,211
1122,0.009527303278446198,202
1123,0.01024660374969244,211
1124,0.009973384439945221,206
1125,0.010311475023627281,207
1126,0.010232986882328987,208
1127,0.010548701509833336,209
1128,0.010141431353986263,208
1129,0.010362139903008938,209
1130,0.010309111326932907,209
1131,0.010208077728748322,208
1132,0.010322719812393188,210
1133,0.010023044422268867,208
1134,0.009864128194749355,211
1135,0.010188736952841282,213
1136,0.010349192656576633,208
1137,0.009964201599359512,208
1138,0.01014432217925787,210
1139,0.010688507929444313,209
1140,0.010010146535933018,214
1141,0.010056469589471817,206
1142,0.010389476083219051,212
1143,0.010068600066006184,213
1144,0.010722620412707329,212
1145,0.010376251302659512,213
1146,0.010173843242228031,211
1147,0.010463405400514603,211
1148,0.01022215187549591,211
1149,0.010164925828576088,212
1150,0.010512414388358593,211
1151,0.00975780375301838,215
1152,0.010306105017662048,215
1153,0.010223951190710068,215
1154,0.010666299611330032,215
1155,0.010091614909470081,215
1156,0.010383822955191135,212
1157,0.01040772907435894,213
1158,0.010061493143439293,213
1159,0.010336663573980331,211
1160,0.010303710587322712,216
1161,0.010587066411972046,212
1162,0.010198821313679218,210
1163,0.01000420656055212,212
1164,0.010348396375775337,214
1165,0.010026901960372925,214
1166,0.010145743377506733,217
1167,0.010327180847525597,215
1168,0.009844242595136166,217
1169,0.010633843019604683,215
1170,0.010100043378770351,217
1171,0.01047496311366558,218
1172,0.010121571831405163,213
1173,0.009794516488909721,217
1174,0.010190868750214577,214
1175,0.01019338984042406,213
1176,0.010361269116401672,215
1177,0.009739263914525509,213
1178,0.010276020504534245,213
1179,0.01056717336177826,215
1180,0.010297020897269249,213
1181,0.01047598011791706,216
1182,0.010223685763776302,216
1183,0.01045616902410984,214
1184,0.009993498213589191,219
1185,0.010166625492274761,214
1186,0.010765083134174347,215
1187,0.01021269615739584,213
1188,0.009994310326874256,212
1189,0.010267809964716434,216
1190,0.010738145560026169,213
1191,0.010255503468215466,215
1192,0.010982419364154339,215
1193,0.010094170458614826,213
1194,0.010270149447023869,216
1195,0.010154769755899906,222
1196,0.010018500499427319,219
1197,0.009604564867913723,214
1198,0.00993779394775629,215
1199,0.01034481730312109,216
1200,0.010118828155100346,215
1201,0.009946363046765327,216
1202,0.010624620132148266,214
1203,0.009969950653612614,221
1204,0.010347447358071804,215
1205,0.010073349811136723,223
1206,0.010392491705715656,215
1207,0.010408198460936546,220
1208,0.010385178960859776,216
1209,0.01004843134433031,218
1210,0.009877124801278114,217
1211,0.010226085782051086,221
1212,0.01066174078732729,219
1213,0.009818535298109055,215
1214,0.010015045292675495,219
1215,0.010239625349640846,220
1216,0.009215235710144043,217
1217,0.009910324588418007,219
1218,0.009895567782223225,214
1219,0.01012361329048872,213
1220,0.00950149167329073,219
1221,0.009724303148686886,216
1222,0.009786934591829777,217
1223,0.01072651520371437,220
1224,0.010349064134061337,215
1225,0.010238930583000183,219
1226,0.010414707474410534,219
1227,0.00994897074997425,219
1228,0.009973926469683647,221
1229,0.009900014847517014,214
1230,0.010293330065906048,219
1231,0.01011642161756754,219
1232,0.01000558864325285,215
1233,0.010267842561006546,227
1234,0.009544172324240208,217
1235,0.009950500912964344,221
1236,0.010247494094073772,219
1237,0.010154660791158676,219
1238,0.009650494903326035,219
1239,0.009924850426614285,219
1240,0.01017224695533514,222
1241,0.010009823366999626,225
1242,0.010471365414559841,225
1243,0.01030814554542303,223
1244,0.009919443167746067,222
1245,0.00977639015763998,227
1246,0.010219410061836243,225
1247,0.010270544327795506,220
1248,0.009954595007002354,224
1249,0.0101589635014534,222
1250,0.010461973026394844,220
1251,0.009860246442258358,224
1252,0.009862846694886684,225
1253,0.009809738025069237,220
1254,0.01026730053126812,222
1255,0.010392379015684128,222
1256,0.010382832027971745,224
1257,0.010150938294827938,220
1258,0.009886879473924637,228
1259,0.010448729619383812,220
